{"actions":[],"apps":[{"acl":{"app":[],"field":[],"record":[]},"app":null,"category":{"categories":[],"useCategory":"false"},"form":{"layout":"[{\"id\":null,\"type\":\"ROW\",\"isSubTable\":false,\"var\":null,\"label\":null,\"controlList\":[{\"isVirtical\":true,\"styleMap\":{\"width\":196},\"type\":\"SINGLE_SELECT\",\"var\":\"管理種類\",\"label\":\"管理種類\"},{\"isVirtical\":true,\"styleMap\":{\"width\":99},\"type\":\"DECIMAL\",\"var\":\"管理番号\",\"label\":\"管理番号\"},{\"styleMap\":{\"width\":123,\"height\":66},\"elementId\":\"\",\"type\":\"SPACER\"},{\"isVirtical\":true,\"styleMap\":{\"width\":344},\"type\":\"GROUP_SELECT\",\"var\":\"グループ選択\",\"label\":\"グループ選択\"}]},{\"id\":null,\"type\":\"ROW\",\"isSubTable\":false,\"var\":null,\"label\":null,\"controlList\":[{\"isVirtical\":true,\"styleMap\":{\"width\":196},\"type\":\"CREATED_AT\",\"var\":\"作成日時\",\"label\":\"作成日時\"},{\"isVirtical\":true,\"styleMap\":{\"width\":136},\"type\":\"CREATOR\",\"var\":\"作成者\",\"label\":\"作成者\"},{\"styleMap\":{\"width\":86,\"height\":66},\"elementId\":\"\",\"type\":\"SPACER\"},{\"isVirtical\":true,\"styleMap\":{\"width\":344},\"type\":\"ORGANIZATION_SELECT\",\"var\":\"組織選択\",\"label\":\"組織選択\"}]},{\"id\":null,\"type\":\"ROW\",\"isSubTable\":false,\"var\":null,\"label\":null,\"controlList\":[{\"isVirtical\":true,\"styleMap\":{\"width\":196},\"type\":\"MODIFIED_AT\",\"var\":\"更新日時\",\"label\":\"更新日時\"},{\"isVirtical\":true,\"styleMap\":{\"width\":136},\"type\":\"MODIFIER\",\"var\":\"更新者\",\"label\":\"更新者\"},{\"styleMap\":{\"width\":86,\"height\":66},\"elementId\":\"\",\"type\":\"SPACER\"},{\"isVirtical\":true,\"styleMap\":{\"width\":344},\"type\":\"USER_SELECT\",\"var\":\"ユーザー選択\",\"label\":\"ユーザー選択\"}]},{\"id\":null,\"type\":\"ROW\",\"isSubTable\":false,\"var\":null,\"label\":null,\"controlList\":[{\"isVirtical\":true,\"styleMap\":{},\"canvasData\":[{\"id\":null,\"type\":\"ROW\",\"isSubTable\":false,\"var\":null,\"label\":null,\"controlList\":[{\"isVirtical\":true,\"styleMap\":{\"width\":317},\"type\":\"FILE\",\"var\":\"ポータル背景_画像\",\"label\":\"ポータル背景_画像\"}]},{\"id\":null,\"type\":\"ROW\",\"isSubTable\":false,\"var\":null,\"label\":null,\"controlList\":[{\"isVirtical\":true,\"styleMap\":{\"width\":317},\"type\":\"SINGLE_LINE_TEXT\",\"var\":\"アプリ群タイトル\",\"label\":\"アプリ群タイトル\"}]},{\"id\":null,\"type\":\"ROW\",\"isSubTable\":false,\"var\":null,\"label\":null,\"controlList\":[{\"isVirtical\":true,\"styleMap\":{\"width\":317},\"type\":\"SINGLE_LINE_TEXT\",\"var\":\"お知らせタイトル\",\"label\":\"お知らせタイトル\"}]},{\"id\":null,\"type\":\"ROW\",\"isSubTable\":false,\"var\":null,\"label\":null,\"controlList\":[{\"isVirtical\":true,\"styleMap\":{\"width\":317},\"type\":\"SINGLE_LINE_TEXT\",\"var\":\"スペースタイトル\",\"label\":\"スペースタイトル\"}]}],\"type\":\"GROUP\",\"var\":\"ポータル背景\",\"label\":\"ポータル背景\"}]},{\"id\":null,\"type\":\"ROW\",\"isSubTable\":false,\"var\":null,\"label\":null,\"controlList\":[{\"isVirtical\":true,\"styleMap\":{},\"canvasData\":[{\"id\":null,\"type\":\"ROW\",\"isSubTable\":false,\"var\":null,\"label\":null,\"controlList\":[{\"isVirtical\":true,\"styleMap\":{\"width\":669,\"height\":271,\"innerHeight\":234},\"type\":\"EDITOR\",\"var\":\"お知らせ内容\",\"label\":\"お知らせ内容\"}]}],\"type\":\"GROUP\",\"var\":\"お知らせ\",\"label\":\"お知らせ\"}]},{\"id\":null,\"type\":\"ROW\",\"isSubTable\":false,\"var\":null,\"label\":null,\"controlList\":[{\"isVirtical\":true,\"styleMap\":{},\"canvasData\":[{\"id\":null,\"type\":\"ROW\",\"isSubTable\":false,\"var\":null,\"label\":null,\"controlList\":[{\"isVirtical\":true,\"styleMap\":{\"width\":137},\"type\":\"DECIMAL\",\"var\":\"アプリ優先順位\",\"label\":\"アプリ優先順位\"}]},{\"id\":null,\"type\":\"ROW\",\"isSubTable\":false,\"var\":null,\"label\":null,\"controlList\":[{\"isVirtical\":true,\"styleMap\":{\"width\":137},\"type\":\"DECIMAL\",\"var\":\"アプリID\",\"label\":\"アプリID\"},{\"isVirtical\":true,\"styleMap\":{\"width\":236},\"type\":\"SINGLE_LINE_TEXT\",\"var\":\"アプリ名\",\"label\":\"アプリ名\"}]},{\"id\":null,\"type\":\"ROW\",\"isSubTable\":false,\"var\":null,\"label\":null,\"controlList\":[{\"isVirtical\":true,\"styleMap\":{\"width\":193},\"type\":\"DECIMAL\",\"var\":\"優先一覧ID\",\"label\":\"優先一覧ID\"}]},{\"id\":null,\"type\":\"ROW\",\"isSubTable\":false,\"var\":null,\"label\":null,\"controlList\":[{\"isVirtical\":true,\"styleMap\":{\"width\":373},\"type\":\"FILE\",\"var\":\"アプリアイコン\",\"label\":\"アプリアイコン\"}]},{\"id\":null,\"type\":\"ROW\",\"isSubTable\":false,\"var\":null,\"label\":null,\"controlList\":[{\"isVirtical\":true,\"styleMap\":{\"width\":106},\"type\":\"DECIMAL\",\"var\":\"数値\",\"label\":\"数値\"}]},{\"id\":null,\"type\":\"ROW\",\"isSubTable\":false,\"var\":null,\"label\":null,\"controlList\":[{\"isVirtical\":true,\"styleMap\":{\"width\":200},\"type\":\"SINGLE_LINE_TEXT\",\"var\":\"カラー1\",\"label\":\"カラー1\"},{\"isVirtical\":true,\"styleMap\":{\"width\":200},\"type\":\"SINGLE_LINE_TEXT\",\"var\":\"カラー2\",\"label\":\"カラー2\"}]}],\"type\":\"GROUP\",\"var\":\"アプリショートカット\",\"label\":\"アプリショートカット\"}]},{\"id\":null,\"type\":\"ROW\",\"isSubTable\":false,\"var\":null,\"label\":null,\"controlList\":[{\"isVirtical\":true,\"styleMap\":{},\"canvasData\":[{\"id\":null,\"type\":\"ROW\",\"isSubTable\":false,\"var\":null,\"label\":null,\"controlList\":[{\"isVirtical\":true,\"styleMap\":{\"width\":148},\"type\":\"DECIMAL\",\"var\":\"スペース優先順位\",\"label\":\"スペース優先順位\"}]},{\"id\":null,\"type\":\"ROW\",\"isSubTable\":false,\"var\":null,\"label\":null,\"controlList\":[{\"isVirtical\":true,\"styleMap\":{\"width\":122},\"type\":\"DECIMAL\",\"var\":\"スペースID\",\"label\":\"スペースID\"},{\"isVirtical\":true,\"styleMap\":{\"width\":237},\"type\":\"SINGLE_LINE_TEXT\",\"var\":\"スペース名\",\"label\":\"スペース名\"}]},{\"id\":null,\"type\":\"ROW\",\"isSubTable\":false,\"var\":null,\"label\":null,\"controlList\":[{\"isVirtical\":true,\"styleMap\":{\"width\":359},\"type\":\"FILE\",\"var\":\"スペースアイコン\",\"label\":\"スペースアイコン\"}]}],\"type\":\"GROUP\",\"var\":\"スペース\",\"label\":\"スペース\"}]}]","revision":null},"iconMeta":{"internalName":null,"mime":"image/png","name":"icons8-ギア-100.png"},"info":{"automaticallyChooseTitleComponent":"true","code":null,"decimalPrecision":"16","decimalScale":"4","description":"\u003Cdiv\u003Eこのアプリと全体カスタマイズでポータルを制御することができます。\u003C/div\u003E","enableBulkDeletion":"false","enableRecordReuse":"true","fiscalYearStartMonth":"4","iconKey":"100191","iconType":"BLOB","jsFiles":null,"jsScope":"ALL","name":"Portal_setting","roundingMode":"HALF_EVEN","theme":"BLUE","titleComponentLocalId":null,"useComment":"true","useHistory":"true","useThumbnail":"true"},"jsFiles":[{"jsFileMetas":[{"internalName":null,"locationType":"URL","mime":null,"name":null,"url":"https://js.cybozu.com/jquery/2.2.4/jquery.min.js"},{"internalName":null,"locationType":"BLOB","mime":"text/javascript","name":"changer.js","url":null},{"internalName":null,"locationType":"BLOB","mime":"text/javascript","name":"submit_check.js","url":null},{"internalName":null,"locationType":"BLOB","mime":"text/javascript","name":"index_sample_color.js","url":null}],"jsType":"DESKTOP"}],"notification":{"appNotifications":[{"events":["RECORD_COMMENT_ADDED"],"target":{"entityId":"5681255","entityType":"FIELD_ENTITY","includeSubs":"false"}},{"events":["RECORD_COMMENT_ADDED"],"target":{"entityId":"5681256","entityType":"FIELD_ENTITY","includeSubs":"false"}}],"recordNotifications":[],"reminderTimezone":null,"reminders":[],"useComment":"true","useReminder":"false"},"plugins":[{"enabled":"true","id":"fdeplpmkengkldpdlaiegpokgmaabkkb"}],"reports":[],"resource":{"tables":[{"rows":[{"fields":[{"language":"zh","value":""},{"language":"en","value":"Portal_Setting"},{"language":"ja","value":"Portal_Setting"}],"objectId":"0","subObjectId":"-1"}],"type":"AppName"},{"rows":[{"fields":[{"language":"zh","value":""},{"language":"en","value":"\u003Cdiv\u003EYou can manage Portal using by this application.\u003C/div\u003E"},{"language":"ja","value":"\u003Cdiv\u003Eこのアプリと全体カスタマイズでポータルを制御することができます。\u003C/div\u003E"}],"objectId":"0","subObjectId":"-1"}],"type":"AppDescription"},{"rows":[{"fields":[{"language":"zh","value":""},{"language":"en","value":""},{"language":"ja","value":"レコード番号"}],"objectId":"5681254","subObjectId":"-1"},{"fields":[{"language":"zh","value":""},{"language":"en","value":""},{"language":"ja","value":"更新者"}],"objectId":"5681255","subObjectId":"-1"},{"fields":[{"language":"zh","value":""},{"language":"en","value":""},{"language":"ja","value":"作成者"}],"objectId":"5681256","subObjectId":"-1"},{"fields":[{"language":"zh","value":""},{"language":"en","value":""},{"language":"ja","value":"更新日時"}],"objectId":"5681257","subObjectId":"-1"},{"fields":[{"language":"zh","value":""},{"language":"en","value":""},{"language":"ja","value":"作成日時"}],"objectId":"5681258","subObjectId":"-1"},{"fields":[{"language":"zh","value":""},{"language":"en","value":""},{"language":"ja","value":"ステータス"}],"objectId":"5681259","subObjectId":"-1"},{"fields":[{"language":"zh","value":""},{"language":"en","value":""},{"language":"ja","value":"作業者"}],"objectId":"5681260","subObjectId":"-1"},{"fields":[{"language":"zh","value":""},{"language":"en","value":""},{"language":"ja","value":"作業者"}],"objectId":"5681261","subObjectId":"-1"},{"fields":[{"language":"zh","value":""},{"language":"en","value":""},{"language":"ja","value":""}],"objectId":"5681277","subObjectId":"-1"},{"fields":[{"language":"zh","value":""},{"language":"en","value":""},{"language":"ja","value":""}],"objectId":"5681277","subObjectId":"5681264"},{"fields":[{"language":"zh","value":""},{"language":"en","value":""},{"language":"ja","value":""}],"objectId":"5681277","subObjectId":"5681266"},{"fields":[{"language":"zh","value":""},{"language":"en","value":""},{"language":"ja","value":""}],"objectId":"5681277","subObjectId":"5681265"},{"fields":[{"language":"zh","value":""},{"language":"en","value":""},{"language":"ja","value":""}],"objectId":"5681277","subObjectId":"5681267"},{"fields":[{"language":"zh","value":""},{"language":"en","value":""},{"language":"ja","value":""}],"objectId":"5681279","subObjectId":"-1"},{"fields":[{"language":"zh","value":""},{"language":"en","value":""},{"language":"ja","value":""}],"objectId":"5681281","subObjectId":"-1"},{"fields":[{"language":"zh","value":""},{"language":"en","value":""},{"language":"ja","value":""}],"objectId":"5681283","subObjectId":"-1"},{"fields":[{"language":"zh","value":""},{"language":"en","value":""},{"language":"ja","value":""}],"objectId":"5681284","subObjectId":"-1"},{"fields":[{"language":"zh","value":""},{"language":"en","value":""},{"language":"ja","value":""}],"objectId":"5681285","subObjectId":"-1"},{"fields":[{"language":"zh","value":""},{"language":"en","value":""},{"language":"ja","value":""}],"objectId":"5681287","subObjectId":"-1"},{"fields":[{"language":"zh","value":""},{"language":"en","value":""},{"language":"ja","value":""}],"objectId":"5681288","subObjectId":"-1"},{"fields":[{"language":"zh","value":""},{"language":"en","value":""},{"language":"ja","value":""}],"objectId":"5681298","subObjectId":"-1"},{"fields":[{"language":"zh","value":""},{"language":"en","value":""},{"language":"ja","value":""}],"objectId":"5681355","subObjectId":"-1"},{"fields":[{"language":"zh","value":""},{"language":"en","value":""},{"language":"ja","value":""}],"objectId":"5681357","subObjectId":"-1"},{"fields":[{"language":"zh","value":""},{"language":"en","value":""},{"language":"ja","value":""}],"objectId":"5681373","subObjectId":"-1"},{"fields":[{"language":"zh","value":""},{"language":"en","value":""},{"language":"ja","value":""}],"objectId":"5681374","subObjectId":"-1"},{"fields":[{"language":"zh","value":""},{"language":"en","value":""},{"language":"ja","value":""}],"objectId":"5681375","subObjectId":"-1"},{"fields":[{"language":"zh","value":""},{"language":"en","value":""},{"language":"ja","value":""}],"objectId":"5681376","subObjectId":"-1"},{"fields":[{"language":"zh","value":""},{"language":"en","value":""},{"language":"ja","value":""}],"objectId":"5681377","subObjectId":"-1"},{"fields":[{"language":"zh","value":""},{"language":"en","value":""},{"language":"ja","value":""}],"objectId":"5681378","subObjectId":"-1"},{"fields":[{"language":"zh","value":""},{"language":"en","value":""},{"language":"ja","value":""}],"objectId":"5681379","subObjectId":"-1"},{"fields":[{"language":"zh","value":""},{"language":"en","value":""},{"language":"ja","value":""}],"objectId":"5681395","subObjectId":"-1"},{"fields":[{"language":"zh","value":""},{"language":"en","value":""},{"language":"ja","value":""}],"objectId":"5681396","subObjectId":"-1"},{"fields":[{"language":"zh","value":""},{"language":"en","value":""},{"language":"ja","value":""}],"objectId":"5681397","subObjectId":"-1"},{"fields":[],"objectId":"5681436","subObjectId":"-1"}],"type":"FieldLabel"},{"rows":[{"fields":[{"language":"zh","value":""},{"language":"en","value":""},{"language":"ja","value":""}],"objectId":"20","subObjectId":"-1"},{"fields":[{"language":"zh","value":""},{"language":"en","value":""},{"language":"ja","value":""}],"objectId":"5681291","subObjectId":"-1"},{"fields":[{"language":"zh","value":""},{"language":"en","value":""},{"language":"ja","value":""}],"objectId":"5681293","subObjectId":"-1"},{"fields":[{"language":"zh","value":""},{"language":"en","value":""},{"language":"ja","value":""}],"objectId":"5681295","subObjectId":"-1"},{"fields":[{"language":"zh","value":""},{"language":"en","value":""},{"language":"ja","value":""}],"objectId":"5681297","subObjectId":"-1"}],"type":"ViewName"}]},"schema":{"groups":[{"childLocalId":"5681279","vtComponentLocalId":"5681278"},{"childLocalId":"5681376","vtComponentLocalId":"5681278"},{"childLocalId":"5681377","vtComponentLocalId":"5681278"},{"childLocalId":"5681378","vtComponentLocalId":"5681278"},{"childLocalId":"5681281","vtComponentLocalId":"5681280"},{"childLocalId":"5681283","vtComponentLocalId":"5681282"},{"childLocalId":"5681284","vtComponentLocalId":"5681282"},{"childLocalId":"5681285","vtComponentLocalId":"5681282"},{"childLocalId":"5681355","vtComponentLocalId":"5681282"},{"childLocalId":"5681373","vtComponentLocalId":"5681282"},{"childLocalId":"5681374","vtComponentLocalId":"5681282"},{"childLocalId":"5681375","vtComponentLocalId":"5681282"},{"childLocalId":"5681436","vtComponentLocalId":"5681282"},{"childLocalId":"5681287","vtComponentLocalId":"5681286"},{"childLocalId":"5681288","vtComponentLocalId":"5681286"},{"childLocalId":"5681298","vtComponentLocalId":"5681286"},{"childLocalId":"5681357","vtComponentLocalId":"5681286"}],"revision":null,"subTable":{},"table":{"fieldList":{"5681254":{"id":"5681254","label":"レコード番号","properties":{"noLabel":"false","required":"true"},"type":"RECORD_ID","var":"レコード番号"},"5681255":{"id":"5681255","label":"更新者","properties":{"noLabel":"false","required":"true"},"type":"MODIFIER","var":"更新者"},"5681256":{"id":"5681256","label":"作成者","properties":{"noLabel":"false","required":"true"},"type":"CREATOR","var":"作成者"},"5681257":{"id":"5681257","label":"更新日時","properties":{"noLabel":"false","required":"true"},"type":"MODIFIED_AT","var":"更新日時"},"5681258":{"id":"5681258","label":"作成日時","properties":{"noLabel":"false","required":"true"},"type":"CREATED_AT","var":"作成日時"},"5681259":{"id":"5681259","label":"ステータス","properties":{"noLabel":"false","required":"false"},"type":"STATUS","var":"ステータス"},"5681260":{"id":"5681260","label":"作業者","properties":{"noLabel":"false","required":"false"},"type":"STATUS_ASSIGNEE","var":"作業者"},"5681261":{"id":"5681261","label":"カテゴリー","properties":{"noLabel":"false","required":"false"},"type":"CATEGORY","var":"カテゴリー"},"5681277":{"id":"5681277","label":"管理種類","properties":{"defaultValue":null,"noLabel":"false","options":[{"id":"5681264","label":"ポータル背景","valid":true},{"id":"5681266","label":"お知らせ","valid":true},{"id":"5681265","label":"アプリショートカット","valid":true},{"id":"5681267","label":"スペース","valid":true}],"required":"true"},"type":"SINGLE_SELECT","var":"管理種類"},"5681278":{"id":"5681278","label":"ポータル背景","properties":{"noLabel":"false","open":"false","required":"false"},"type":"GROUP","var":"ポータル背景"},"5681279":{"id":"5681279","label":"ポータル背景_画像","properties":{"noLabel":"false","required":"false","thumbnailSize":"150"},"type":"FILE","var":"ポータル背景_画像"},"5681280":{"id":"5681280","label":"お知らせ","properties":{"noLabel":"false","open":"false","required":"false"},"type":"GROUP","var":"お知らせ"},"5681281":{"id":"5681281","label":"お知らせ内容","properties":{"defaultValue":"","noLabel":"false","required":"false"},"type":"EDITOR","var":"お知らせ内容"},"5681282":{"id":"5681282","label":"アプリショートカット","properties":{"noLabel":"false","open":"false","required":"false"},"type":"GROUP","var":"アプリショートカット"},"5681283":{"id":"5681283","label":"アプリID","properties":{"defaultValue":null,"digit":"false","displayScale":null,"max":null,"min":null,"noLabel":"false","required":"false","roundingMode":null,"scale":null,"unique":"false","unit":"","unitPosition":"BEFORE"},"type":"DECIMAL","var":"アプリID"},"5681284":{"id":"5681284","label":"アプリ名","properties":{"defaultValue":"","expression":"","hideExpression":"false","max":null,"min":null,"noLabel":"false","required":"false","unique":"false"},"type":"SINGLE_LINE_TEXT","var":"アプリ名"},"5681285":{"id":"5681285","label":"アプリアイコン","properties":{"noLabel":"false","required":"false","thumbnailSize":"150"},"type":"FILE","var":"アプリアイコン"},"5681286":{"id":"5681286","label":"スペース","properties":{"noLabel":"false","open":"false","required":"false"},"type":"GROUP","var":"スペース"},"5681287":{"id":"5681287","label":"スペースID","properties":{"defaultValue":null,"digit":"false","displayScale":null,"max":null,"min":null,"noLabel":"false","required":"false","roundingMode":null,"scale":null,"unique":"false","unit":"","unitPosition":"BEFORE"},"type":"DECIMAL","var":"スペースID"},"5681288":{"id":"5681288","label":"スペースアイコン","properties":{"noLabel":"false","required":"false","thumbnailSize":"150"},"type":"FILE","var":"スペースアイコン"},"5681298":{"id":"5681298","label":"スペース名","properties":{"defaultValue":"","expression":"","hideExpression":"false","max":null,"min":null,"noLabel":"false","required":"false","unique":"false"},"type":"SINGLE_LINE_TEXT","var":"スペース名"},"5681355":{"id":"5681355","label":"アプリ優先順位","properties":{"defaultValue":null,"digit":"false","displayScale":"0","max":"20","min":"0","noLabel":"false","required":"false","roundingMode":null,"scale":null,"unique":"false","unit":"","unitPosition":"BEFORE"},"type":"DECIMAL","var":"アプリ優先順位"},"5681357":{"id":"5681357","label":"スペース優先順位","properties":{"defaultValue":null,"digit":"false","displayScale":null,"max":null,"min":null,"noLabel":"false","required":"false","roundingMode":null,"scale":null,"unique":"false","unit":"","unitPosition":"BEFORE"},"type":"DECIMAL","var":"スペース優先順位"},"5681373":{"id":"5681373","label":"数値","properties":{"defaultValue":null,"digit":"false","displayScale":null,"max":null,"min":null,"noLabel":"false","required":"false","roundingMode":null,"scale":null,"unique":"false","unit":"","unitPosition":"BEFORE"},"type":"DECIMAL","var":"数値"},"5681374":{"id":"5681374","label":"カラー1","properties":{"defaultValue":"","expression":"","hideExpression":"false","max":null,"min":null,"noLabel":"false","required":"false","unique":"false"},"type":"SINGLE_LINE_TEXT","var":"カラー1"},"5681375":{"id":"5681375","label":"カラー2","properties":{"defaultValue":"","expression":"","hideExpression":"false","max":null,"min":null,"noLabel":"false","required":"false","unique":"false"},"type":"SINGLE_LINE_TEXT","var":"カラー2"},"5681376":{"id":"5681376","label":"アプリ群タイトル","properties":{"defaultValue":"","expression":"","hideExpression":"false","max":null,"min":null,"noLabel":"false","required":"false","unique":"false"},"type":"SINGLE_LINE_TEXT","var":"アプリ群タイトル"},"5681377":{"id":"5681377","label":"お知らせタイトル","properties":{"defaultValue":"","expression":"","hideExpression":"false","max":null,"min":null,"noLabel":"false","required":"false","unique":"false"},"type":"SINGLE_LINE_TEXT","var":"お知らせタイトル"},"5681378":{"id":"5681378","label":"スペースタイトル","properties":{"defaultValue":"","expression":"","hideExpression":"false","max":null,"min":null,"noLabel":"false","required":"false","unique":"false"},"type":"SINGLE_LINE_TEXT","var":"スペースタイトル"},"5681379":{"id":"5681379","label":"管理番号","properties":{"defaultValue":null,"digit":"false","displayScale":null,"max":"3","min":"0","noLabel":"false","required":"false","roundingMode":null,"scale":null,"unique":"false","unit":"","unitPosition":"BEFORE"},"type":"DECIMAL","var":"管理番号"},"5681395":{"id":"5681395","label":"ユーザー選択","properties":{"defaultEntities":[],"defaultSelect":[],"entities":[],"noLabel":"false","required":"false","select":[]},"type":"USER_SELECT","var":"ユーザー選択"},"5681396":{"id":"5681396","label":"組織選択","properties":{"defaultEntities":[],"defaultSelect":[],"entities":[],"noLabel":"false","required":"false","select":[]},"type":"ORGANIZATION_SELECT","var":"組織選択"},"5681397":{"id":"5681397","label":"グループ選択","properties":{"defaultEntities":[{"code":"everyone","ctime":"2019-01-30T05:01:34Z","description":null,"entityType":"GROUP","formattedDescription":null,"groupCondition":"{\"condition\":{\"key\":\"user\",\"nest\":0,\"op\":\"NE\",\"type\":\"COMPARISON\",\"value\":{\"args\":null,\"type\":\"STRING\",\"value\":\"not number\"}}}","id":"7532782697181632513","isBuiltIn":true,"localName":null,"localNameLocale":null,"mtime":"2019-01-30T05:01:34Z","name":"Everyone","published":true,"removed":false,"sortOrder":2147483647,"type":"DYNAMIC"}],"defaultSelect":[{"entityType":"GROUP","id":"7532782697181632513","name":"Everyone"}],"entities":[],"noLabel":"false","required":"false","select":[]},"type":"GROUP_SELECT","var":"グループ選択"},"5681436":{"id":"5681436","label":"優先一覧ID","properties":{"defaultValue":null,"digit":"false","displayScale":null,"max":null,"min":null,"noLabel":"false","required":"false","roundingMode":null,"scale":null,"unique":"false","unit":"","unitPosition":"BEFORE"},"type":"DECIMAL","var":"優先一覧ID"}},"id":"1","label":"__ROOT__","properties":{"noLabel":"true"},"type":"TABLE","var":"__ROOT__"}},"settingsNotesForm":{"content":null,"willBeInherited":null},"status":{"actions":[],"filters":[],"initialStateId":null,"states":[],"useStatus":"false"},"uuid":"991eabde-29ab-4f74-bda5-7c029258864a","views":[{"advancedMode":"false","builtinType":null,"device":null,"fields":[{"row":[{"columnWidth":null,"id":"5681257"},{"columnWidth":null,"id":"5681279"},{"columnWidth":null,"id":"5681376"},{"columnWidth":null,"id":"5681377"},{"columnWidth":null,"id":"5681378"}]}],"filter":{"category":null,"offset":null,"order":["DESC"],"q":"f5681277 in (\"5681264\")","size":null,"sort":["f5681254"]},"html":null,"keyFieldId":null,"name":"ポータル背景","pager":null,"revision":null,"titleFieldId":null,"view":"5681291","viewType":"LIST"},{"advancedMode":"false","builtinType":null,"device":null,"fields":[{"row":[{"columnWidth":null,"id":"5681258"},{"columnWidth":null,"id":"5681257"},{"columnWidth":null,"id":"5681281"}]}],"filter":{"category":null,"offset":null,"order":["DESC"],"q":"f5681277 in (\"5681266\")","size":null,"sort":["f5681257"]},"html":null,"keyFieldId":null,"name":"お知らせ一覧","pager":null,"revision":null,"titleFieldId":null,"view":"5681293","viewType":"LIST"},{"advancedMode":"false","builtinType":null,"device":null,"fields":[{"row":[{"columnWidth":null,"id":"5681258"},{"columnWidth":null,"id":"5681257"},{"columnWidth":null,"id":"5681355"},{"columnWidth":null,"id":"5681284"},{"columnWidth":null,"id":"5681283"},{"columnWidth":null,"id":"5681285"},{"columnWidth":null,"id":"5681373"},{"columnWidth":null,"id":"5681374"},{"columnWidth":null,"id":"5681375"}]}],"filter":{"category":null,"offset":null,"order":["ASC"],"q":"f5681277 in (\"5681265\")","size":null,"sort":["f5681355"]},"html":null,"keyFieldId":null,"name":"アプリショートカット","pager":null,"revision":null,"titleFieldId":null,"view":"5681295","viewType":"LIST"},{"advancedMode":"false","builtinType":null,"device":null,"fields":[{"row":[{"columnWidth":null,"id":"5681258"},{"columnWidth":null,"id":"5681257"},{"columnWidth":null,"id":"5681357"},{"columnWidth":null,"id":"5681287"},{"columnWidth":null,"id":"5681288"}]}],"filter":{"category":null,"offset":null,"order":["ASC"],"q":"f5681277 in (\"5681267\")","size":null,"sort":["f5681357"]},"html":null,"keyFieldId":null,"name":"スペース","pager":null,"revision":null,"titleFieldId":null,"view":"5681297","viewType":"LIST"},{"advancedMode":null,"builtinType":"ALL","device":null,"fields":[{"row":[{"columnWidth":null,"id":"5681254"},{"columnWidth":null,"id":"5681277"},{"columnWidth":null,"id":"5681279"},{"columnWidth":null,"id":"5681281"},{"columnWidth":null,"id":"5681283"},{"columnWidth":null,"id":"5681284"},{"columnWidth":null,"id":"5681285"},{"columnWidth":null,"id":"5681287"},{"columnWidth":null,"id":"5681288"},{"columnWidth":null,"id":"5681298"},{"columnWidth":null,"id":"5681355"},{"columnWidth":null,"id":"5681357"},{"columnWidth":null,"id":"5681373"},{"columnWidth":null,"id":"5681374"},{"columnWidth":null,"id":"5681375"},{"columnWidth":null,"id":"5681376"},{"columnWidth":null,"id":"5681377"},{"columnWidth":null,"id":"5681378"},{"columnWidth":null,"id":"5681379"},{"columnWidth":null,"id":"5681395"},{"columnWidth":null,"id":"5681396"},{"columnWidth":null,"id":"5681397"},{"columnWidth":null,"id":"5681436"}]}],"filter":{"category":null,"offset":null,"order":[],"q":null,"size":null,"sort":[]},"html":null,"keyFieldId":null,"name":"（すべて）","pager":null,"revision":null,"titleFieldId":null,"view":"20","viewType":"LIST"}]}],"description":"","iconKey":"2021042801482893D1304CF2B844EE9F18770F86AA74F0278","iconMeta":{"internalName":null,"mime":"image/png","name":"icons8-ギア-100.png"},"iconSrcAppId":"991eabde-29ab-4f74-bda5-7c029258864a","iconType":"BLOB","imagesMeta":[],"lookups":[],"name":"portal manage","references":[],"version":"36"}